destination_airport,actual_arrival_time_slot,flight_hourly_frequency
EWR,1,3818
EWR,2,1288
EWR,3,365
EWR,4,120
EWR,5,1003
EWR,6,2276
EWR,7,2557
EWR,8,5219
EWR,9,5550
EWR,10,5166
EWR,11,4968
EWR,12,5614
EWR,13,5136
EWR,14,5569
EWR,15,7306
EWR,16,6252
EWR,17,6924
EWR,18,6487
EWR,19,6676
EWR,20,6378
EWR,21,6312
EWR,22,6409
EWR,23,6063
EWR,24,5470
JFK,1,3605
JFK,2,1239
JFK,3,441
JFK,4,176
JFK,5,865
JFK,6,4800
JFK,7,5127
JFK,8,4124
JFK,9,3331
JFK,10,3361
JFK,11,3298
JFK,12,2491
JFK,13,3782
JFK,14,3927
JFK,15,5526
JFK,16,5976
JFK,17,4584
JFK,18,4786
JFK,19,4726
JFK,20,4211
JFK,21,5134
JFK,22,5817
JFK,23,5803
JFK,24,5088
LGA,1,1366
LGA,2,340
LGA,3,72
LGA,4,16
LGA,5,9
LGA,6,21
LGA,7,229
LGA,8,2644
LGA,9,4519
LGA,10,5157
LGA,11,5533
LGA,12,4708
LGA,13,5112
LGA,14,5514
LGA,15,5452
LGA,16,5397
LGA,17,5935
LGA,18,5604
LGA,19,5356
LGA,20,5128
LGA,21,5401
LGA,22,5896
LGA,23,5541
LGA,24,5295
